label;url
тиски;https://bazaprorab.ru/upload/iblock/e6f/r0mv19xrndaqx7wv76tccu35o2gh050u.jpg
тиски;https://metabo-promo.ru/wp-content/uploads/tiski-svoimi-rukami-152.jpg
тиски;https://ae01.alicdn.com/kf/HTB1oiviIASWBuNjSszdq6zeSpXaa/PD-372.jpg
тиски;https://prokrep.ru/components/com_jshopping/files/img_categories/ico_00000012686.jpg
тиски;https://uni-tool.ru/wa-data/public/shop/products/25/27/322725/images/122158/122158.750x0.jpg
тиски;https://vander.pl/wp-content/uploads/2019/04/VIS705.jpg
тиски;http://stroybaza99.ru/components/com_jshopping/files/img_products/full_85451827_1_.jpg
тиски;https://st46.stpulscen.ru/images/product/271/977/014_big.jpg
тиски;https://knuth-industry.ru/assets/images/product/tiski/128815_hpt_fs_1.jpg
тиски;https://waysi.ru/wp-content/uploads/9/0/3/903e412c4415e759f3033bae9d16b78f.jpg
тиски;https://cdn2.static1-sima-land.com/items/695085/0/700-nw.jpg
осциллограф;https://st5.stpulscen.ru/images/product/056/168/614_medium2.jpg
осциллограф;https://shopkiptest.megeon.ru/upload/iblock/e4e/image020.jpg
осциллограф;https://www.pribor-service.ru/img/products/normal/528.jpg
осциллограф;https://www.mir-technics.ru/storage/app/uploads/public/5c4/81a/b9a/thumb_24097_900_900_0_0_auto.jpg
осциллограф;https://kupi-m.ru/img/img19.jpg
осциллограф;https://radiodetal36.ru/wp-content/uploads/2022/01/s1-55.jpg
осциллограф;https://xn--80adec2ampndbs9h.xn--p1ai/uploads/posts/2020-04/1587583939_ea02f4f86b327cda4918179dcfd108bb.jpg
осциллограф;https://electronix.ru/forum/uploads/post-22008-1228745017.jpg
осциллограф;https://vistapointe.net/images/oscilloscope-8.jpg
осциллограф;https://forum.cxem.net/uploads/monthly_05_2015/post-155961-0-34214700-1431012593.jpg
